PRAGMA foreign_keys=OFF;
BEGIN TRANSACTION;
CREATE TABLE IF NOT EXISTS "django_migrations" ("id" integer NOT NULL PRIMARY KEY AUTOINCREMENT, "app" varchar(255) NOT NULL, "name" varchar(255) NOT NULL, "applied" datetime NOT NULL);
INSERT INTO django_migrations VALUES(1,'contenttypes','0001_initial','2022-10-23 11:15:20.152454');
INSERT INTO django_migrations VALUES(2,'auth','0001_initial','2022-10-23 11:15:20.164744');
INSERT INTO django_migrations VALUES(3,'admin','0001_initial','2022-10-23 11:15:20.169928');
INSERT INTO django_migrations VALUES(4,'admin','0002_logentry_remove_auto_add','2022-10-23 11:15:20.175881');
INSERT INTO django_migrations VALUES(5,'admin','0003_logentry_add_action_flag_choices','2022-10-23 11:15:20.179366');
INSERT INTO django_migrations VALUES(6,'contenttypes','0002_remove_content_type_name','2022-10-23 11:15:20.187306');
INSERT INTO django_migrations VALUES(7,'auth','0002_alter_permission_name_max_length','2022-10-23 11:15:20.193479');
INSERT INTO django_migrations VALUES(8,'auth','0003_alter_user_email_max_length','2022-10-23 11:15:20.198919');
INSERT INTO django_migrations VALUES(9,'auth','0004_alter_user_username_opts','2022-10-23 11:15:20.202528');
INSERT INTO django_migrations VALUES(10,'auth','0005_alter_user_last_login_null','2022-10-23 11:15:20.207308');
INSERT INTO django_migrations VALUES(11,'auth','0006_require_contenttypes_0002','2022-10-23 11:15:20.207980');
INSERT INTO django_migrations VALUES(12,'auth','0007_alter_validators_add_error_messages','2022-10-23 11:15:20.211176');
INSERT INTO django_migrations VALUES(13,'auth','0008_alter_user_username_max_length','2022-10-23 11:15:20.216280');
INSERT INTO django_migrations VALUES(14,'auth','0009_alter_user_last_name_max_length','2022-10-23 11:15:20.220811');
INSERT INTO django_migrations VALUES(15,'auth','0010_alter_group_name_max_length','2022-10-23 11:15:20.225493');
INSERT INTO django_migrations VALUES(16,'auth','0011_update_proxy_permissions','2022-10-23 11:15:20.228381');
INSERT INTO django_migrations VALUES(17,'auth','0012_alter_user_first_name_max_length','2022-10-23 11:15:20.234100');
INSERT INTO django_migrations VALUES(18,'sessions','0001_initial','2022-10-23 11:15:20.236447');
INSERT INTO django_migrations VALUES(19,'myapp','0001_initial','2022-10-26 14:08:50.210042');
INSERT INTO django_migrations VALUES(21,'myapp','0003_restaurants_menu','2022-11-07 12:37:33.381814');
INSERT INTO django_migrations VALUES(22,'myapp','0004_menu_remove_restaurants_menu_alter_restaurants_name','2022-12-05 05:29:18.466265');
INSERT INTO django_migrations VALUES(23,'myapp','0005_appetizers_dessert_fish_meet_delete_menu','2022-12-10 02:42:40.208018');
INSERT INTO django_migrations VALUES(38,'myapp','0005_footprint_delete_myapp','2023-01-16 11:39:14.426021');
INSERT INTO django_migrations VALUES(39,'myapp','0006_consideration_like_delete_myapp','2023-01-17 01:36:18.135386');
INSERT INTO django_migrations VALUES(40,'myapp','0007_restaurants_map_delete_myapp','2023-01-17 01:48:27.917173');
INSERT INTO django_migrations VALUES(41,'myapp','0008_rename_phone_number_restaurants_phonenumber_and_more','2023-01-17 02:04:39.986790');
INSERT INTO django_migrations VALUES(42,'myapp','0009_remove_restaurants_photourl_restaurants_photo_and_more','2023-01-17 02:51:42.480075');
INSERT INTO django_migrations VALUES(61,'myapp','0004_restaurants_category_restaurants_dinnerprice_and_more','2023-01-17 12:30:31.018926');
INSERT INTO django_migrations VALUES(78,'myapp','0002_restaurants_delete_myapp','2023-01-19 05:07:30.930916');
INSERT INTO django_migrations VALUES(79,'myapp','0003_menu_restaurants_access_restaurants_phone_number_and_more','2023-01-19 05:07:30.941207');
INSERT INTO django_migrations VALUES(80,'myapp','0004_consideration_footprint_like_and_more','2023-01-19 05:07:30.983185');
INSERT INTO django_migrations VALUES(81,'myapp','0005_alter_restaurants_map','2023-01-19 05:07:30.986918');
INSERT INTO django_migrations VALUES(82,'myapp','0006_alter_review_unique_together','2023-01-19 05:07:30.996355');
INSERT INTO django_migrations VALUES(83,'myapp','0007_alter_restaurants_dinnerprice_and_more','2023-01-22 04:18:55.815597');
INSERT INTO django_migrations VALUES(84,'myapp','0008_alter_restaurants_photo','2023-01-22 05:07:51.642373');
INSERT INTO django_migrations VALUES(85,'myapp','0009_menu_photo','2023-01-22 05:17:14.762361');
INSERT INTO django_migrations VALUES(86,'myapp','0010_delete_footprint','2023-01-23 01:16:41.525909');
INSERT INTO django_migrations VALUES(87,'myapp','0011_rename_target_like_restaurant','2023-02-05 05:57:31.298240');
INSERT INTO django_migrations VALUES(88,'myapp','0012_rename_target_consideration_restaurant','2023-02-05 06:18:40.001922');
CREATE TABLE IF NOT EXISTS "auth_group_permissions" ("id" integer NOT NULL PRIMARY KEY AUTOINCREMENT, "group_id" integer NOT NULL REFERENCES "auth_group" ("id") DEFERRABLE INITIALLY DEFERRED, "permission_id" integer NOT NULL REFERENCES "auth_permission" ("id") DEFERRABLE INITIALLY DEFERRED);
CREATE TABLE IF NOT EXISTS "auth_user_groups" ("id" integer NOT NULL PRIMARY KEY AUTOINCREMENT, "user_id" integer NOT NULL REFERENCES "auth_user" ("id") DEFERRABLE INITIALLY DEFERRED, "group_id" integer NOT NULL REFERENCES "auth_group" ("id") DEFERRABLE INITIALLY DEFERRED);
CREATE TABLE IF NOT EXISTS "auth_user_user_permissions" ("id" integer NOT NULL PRIMARY KEY AUTOINCREMENT, "user_id" integer NOT NULL REFERENCES "auth_user" ("id") DEFERRABLE INITIALLY DEFERRED, "permission_id" integer NOT NULL REFERENCES "auth_permission" ("id") DEFERRABLE INITIALLY DEFERRED);
CREATE TABLE IF NOT EXISTS "django_admin_log" ("id" integer NOT NULL PRIMARY KEY AUTOINCREMENT, "object_id" text NULL, "object_repr" varchar(200) NOT NULL, "action_flag" smallint unsigned NOT NULL CHECK ("action_flag" >= 0), "change_message" text NOT NULL, "content_type_id" integer NULL REFERENCES "django_content_type" ("id") DEFERRABLE INITIALLY DEFERRED, "user_id" integer NOT NULL REFERENCES "auth_user" ("id") DEFERRABLE INITIALLY DEFERRED, "action_time" datetime NOT NULL);
INSERT INTO django_admin_log VALUES(1,'1','ラーメン',2,'[{"changed": {"fields": ["\u30ec\u30b9\u30c8\u30e9\u30f3id"]}}]',9,1,'2022-12-10 03:22:32.406920');
INSERT INTO django_admin_log VALUES(2,'2','酸辣湯麺',1,'[{"added": {}}]',9,1,'2022-12-10 03:22:48.743450');
INSERT INTO django_admin_log VALUES(3,'3','ラーメン',1,'[{"added": {}}]',9,1,'2022-12-10 03:22:58.115424');
INSERT INTO django_admin_log VALUES(4,'4','酸辣湯麺',1,'[{"added": {}}]',9,1,'2022-12-10 03:23:06.216225');
INSERT INTO django_admin_log VALUES(5,'2','中華郎',1,'[{"added": {}}]',8,1,'2022-12-22 11:57:27.169370');
INSERT INTO django_admin_log VALUES(6,'2','炭火 串焼きボンちゃん',3,'',8,1,'2022-12-28 03:24:40.005373');
INSERT INTO django_admin_log VALUES(7,'1','焼き鳥花火',3,'',8,1,'2022-12-28 03:24:40.009245');
INSERT INTO django_admin_log VALUES(8,'3','中国料理　望海楼',1,'[{"added": {}}]',8,1,'2022-12-28 03:26:51.303897');
INSERT INTO django_admin_log VALUES(9,'4','台湾料理　台北',1,'[{"added": {}}]',8,1,'2022-12-28 03:29:01.396697');
INSERT INTO django_admin_log VALUES(10,'5','酒肴麺飯　アテニヨル　天神　Little China',1,'[{"added": {}}]',8,1,'2022-12-28 03:30:19.692915');
INSERT INTO django_admin_log VALUES(11,'6','侑久上海(ゆうきゅうしゃんはい)',1,'[{"added": {}}]',8,1,'2022-12-28 03:32:14.336576');
INSERT INTO django_admin_log VALUES(12,'7','くろがね小倉 アミュプラザ店',1,'[{"added": {}}]',8,1,'2022-12-28 03:33:29.567464');
INSERT INTO django_admin_log VALUES(13,'8','大衆中華酒場　六根',1,'[{"added": {}}]',8,1,'2022-12-28 03:34:22.364994');
INSERT INTO django_admin_log VALUES(14,'2','酸辣湯麺',2,'[{"changed": {"fields": ["\u30ec\u30b9\u30c8\u30e9\u30f3id", "\u5024\u6bb5"]}}]',9,1,'2023-01-06 10:33:43.288228');
INSERT INTO django_admin_log VALUES(15,'1','酸辣湯麺',2,'[{"changed": {"fields": ["\u30ec\u30b9\u30c8\u30e9\u30f3id", "\u30e1\u30cb\u30e5\u30fc\u540d", "\u5024\u6bb5"]}}]',9,1,'2023-01-06 10:34:11.731880');
INSERT INTO django_admin_log VALUES(16,'5','酸辣湯麺',1,'[{"added": {}}]',9,1,'2023-01-06 10:34:20.287838');
INSERT INTO django_admin_log VALUES(17,'6','酸辣湯麺',1,'[{"added": {}}]',9,1,'2023-01-06 10:34:28.308104');
INSERT INTO django_admin_log VALUES(18,'7','酸辣湯麺',1,'[{"added": {}}]',9,1,'2023-01-06 10:34:35.304871');
INSERT INTO django_admin_log VALUES(19,'8','酸辣湯麺',1,'[{"added": {}}]',9,1,'2023-01-06 10:34:44.539917');
INSERT INTO django_admin_log VALUES(20,'9','酸辣湯麺',1,'[{"added": {}}]',9,1,'2023-01-06 10:34:52.211768');
INSERT INTO django_admin_log VALUES(21,'10','酸辣湯麺',1,'[{"added": {}}]',9,1,'2023-01-06 10:35:02.689744');
INSERT INTO django_admin_log VALUES(22,'11','酸辣湯麺',1,'[{"added": {}}]',9,1,'2023-01-06 10:35:11.723438');
INSERT INTO django_admin_log VALUES(23,'8','大衆中華酒場　六根',2,'[{"changed": {"fields": ["\u30ab\u30c6\u30b4\u30ea\u30fc", "\u5730\u57df"]}}]',8,1,'2023-01-08 06:23:50.738769');
INSERT INTO django_admin_log VALUES(24,'8','大衆中華酒場　六根',2,'[{"changed": {"fields": ["\u30ab\u30c6\u30b4\u30ea\u30fc", "\u5730\u57df"]}}]',8,1,'2023-01-08 06:24:38.409042');
INSERT INTO django_admin_log VALUES(25,'3','中国料理　望海楼',2,'[{"changed": {"fields": ["\u30ab\u30c6\u30b4\u30ea\u30fc", "\u5730\u57df"]}}]',8,1,'2023-01-08 06:25:06.624196');
INSERT INTO django_admin_log VALUES(26,'8','大衆中華酒場　六根',2,'[{"changed": {"fields": ["\u30e9\u30f3\u30c1\u6599\u91d1", "\u30c7\u30a3\u30ca\u30fc\u6599\u91d1"]}}]',8,1,'2023-01-08 06:33:41.897307');
INSERT INTO django_admin_log VALUES(27,'7','くろがね小倉 アミュプラザ店',2,'[{"changed": {"fields": ["\u30ab\u30c6\u30b4\u30ea\u30fc", "\u5730\u57df", "\u30e9\u30f3\u30c1\u6599\u91d1", "\u30c7\u30a3\u30ca\u30fc\u6599\u91d1"]}}]',8,1,'2023-01-08 06:34:37.067078');
INSERT INTO django_admin_log VALUES(28,'6','侑久上海(ゆうきゅうしゃんはい)',2,'[{"changed": {"fields": ["\u30ab\u30c6\u30b4\u30ea\u30fc", "\u5730\u57df", "\u30e9\u30f3\u30c1\u6599\u91d1", "\u30c7\u30a3\u30ca\u30fc\u6599\u91d1"]}}]',8,1,'2023-01-08 06:35:31.124268');
INSERT INTO django_admin_log VALUES(29,'5','酒肴麺飯　アテニヨル　天神　Little China',2,'[{"changed": {"fields": ["\u30ab\u30c6\u30b4\u30ea\u30fc", "\u5730\u57df", "\u30e9\u30f3\u30c1\u6599\u91d1", "\u30c7\u30a3\u30ca\u30fc\u6599\u91d1"]}}]',8,1,'2023-01-08 06:36:25.527675');
INSERT INTO django_admin_log VALUES(30,'4','台湾料理　台北',2,'[{"changed": {"fields": ["\u30ab\u30c6\u30b4\u30ea\u30fc", "\u5730\u57df", "\u30e9\u30f3\u30c1\u6599\u91d1", "\u30c7\u30a3\u30ca\u30fc\u6599\u91d1"]}}]',8,1,'2023-01-08 06:36:58.256101');
INSERT INTO django_admin_log VALUES(31,'3','中国料理　望海楼',2,'[{"changed": {"fields": ["\u30e9\u30f3\u30c1\u6599\u91d1", "\u30c7\u30a3\u30ca\u30fc\u6599\u91d1"]}}]',8,1,'2023-01-08 06:37:15.849248');
INSERT INTO django_admin_log VALUES(32,'3','中国料理　望海楼',2,'[{"changed": {"fields": ["\u30e9\u30f3\u30c1\u6599\u91d1", "\u30c7\u30a3\u30ca\u30fc\u6599\u91d1"]}}]',8,1,'2023-01-08 06:42:17.192770');
INSERT INTO django_admin_log VALUES(33,'5','酒肴麺飯　アテニヨル　天神　Little China',2,'[{"changed": {"fields": ["\u30e9\u30f3\u30c1\u6599\u91d1", "\u30c7\u30a3\u30ca\u30fc\u6599\u91d1"]}}]',8,1,'2023-01-08 06:42:31.547510');
INSERT INTO django_admin_log VALUES(34,'4','台湾料理　台北',2,'[{"changed": {"fields": ["\u30e9\u30f3\u30c1\u6599\u91d1", "\u30c7\u30a3\u30ca\u30fc\u6599\u91d1"]}}]',8,1,'2023-01-08 06:42:58.370876');
INSERT INTO django_admin_log VALUES(35,'6','侑久上海(ゆうきゅうしゃんはい)',2,'[{"changed": {"fields": ["\u30e9\u30f3\u30c1\u6599\u91d1", "\u30c7\u30a3\u30ca\u30fc\u6599\u91d1"]}}]',8,1,'2023-01-08 06:43:20.565296');
INSERT INTO django_admin_log VALUES(36,'7','くろがね小倉 アミュプラザ店',2,'[{"changed": {"fields": ["\u30e9\u30f3\u30c1\u6599\u91d1", "\u30c7\u30a3\u30ca\u30fc\u6599\u91d1"]}}]',8,1,'2023-01-08 06:43:41.333517');
INSERT INTO django_admin_log VALUES(37,'8','大衆中華酒場　六根',2,'[{"changed": {"fields": ["\u30e9\u30f3\u30c1\u6599\u91d1", "\u30c7\u30a3\u30ca\u30fc\u6599\u91d1"]}}]',8,1,'2023-01-08 06:44:04.339496');
INSERT INTO django_admin_log VALUES(38,'3','中国料理　望海楼',2,'[]',8,1,'2023-01-08 06:44:09.344945');
INSERT INTO django_admin_log VALUES(39,'1','星期菜 西中洲',1,'[{"added": {}}]',8,1,'2023-01-13 01:42:11.293274');
INSERT INTO django_admin_log VALUES(40,'1','酸辣湯麺',1,'[{"added": {}}]',9,1,'2023-01-13 01:42:21.919592');
INSERT INTO django_admin_log VALUES(41,'1','中国料理　望海楼',1,'[{"added": {}}]',8,1,'2023-01-16 11:45:36.328100');
INSERT INTO django_admin_log VALUES(42,'2','台湾料理　台北',1,'[{"added": {}}]',8,1,'2023-01-16 11:47:22.257956');
INSERT INTO django_admin_log VALUES(43,'3','酒肴麺飯　アテニヨル　天神　Little China',1,'[{"added": {}}]',8,1,'2023-01-16 11:48:51.824456');
INSERT INTO django_admin_log VALUES(44,'4','くろがね小倉 アミュプラザ店',1,'[{"added": {}}]',8,1,'2023-01-16 11:50:37.243707');
INSERT INTO django_admin_log VALUES(45,'1','酸辣湯麺',1,'[{"added": {}}]',9,1,'2023-01-16 11:53:01.024510');
INSERT INTO django_admin_log VALUES(46,'1','酸辣湯麺',2,'[{"changed": {"fields": ["\u5024\u6bb5"]}}]',9,1,'2023-01-16 11:54:18.470677');
INSERT INTO django_admin_log VALUES(47,'2','麻婆豆腐',1,'[{"added": {}}]',9,1,'2023-01-16 11:54:45.433868');
INSERT INTO django_admin_log VALUES(48,'3','チャーハン',1,'[{"added": {}}]',9,1,'2023-01-16 11:55:25.191299');
INSERT INTO django_admin_log VALUES(49,'4','小籠包',1,'[{"added": {}}]',9,1,'2023-01-16 11:55:46.859189');
INSERT INTO django_admin_log VALUES(50,'5','担々麺',1,'[{"added": {}}]',9,1,'2023-01-16 11:56:08.195557');
INSERT INTO django_admin_log VALUES(51,'6','酸辣湯麺',1,'[{"added": {}}]',9,1,'2023-01-16 11:57:16.995486');
INSERT INTO django_admin_log VALUES(52,'7','麻婆豆腐',1,'[{"added": {}}]',9,1,'2023-01-16 11:57:45.046686');
INSERT INTO django_admin_log VALUES(53,'8','小籠包',1,'[{"added": {}}]',9,1,'2023-01-16 11:58:10.347252');
INSERT INTO django_admin_log VALUES(54,'9','チャーハン',1,'[{"added": {}}]',9,1,'2023-01-16 11:58:59.227778');
INSERT INTO django_admin_log VALUES(55,'8','小籠包',2,'[]',9,1,'2023-01-16 11:59:21.257376');
INSERT INTO django_admin_log VALUES(56,'10','酸辣湯麺',1,'[{"added": {}}]',9,1,'2023-01-16 11:59:40.447475');
INSERT INTO django_admin_log VALUES(57,'11','チャーハン',1,'[{"added": {}}]',9,1,'2023-01-16 11:59:59.346477');
INSERT INTO django_admin_log VALUES(58,'12','麻婆豆腐',1,'[{"added": {}}]',9,1,'2023-01-16 12:00:08.553615');
INSERT INTO django_admin_log VALUES(59,'13','小籠包',1,'[{"added": {}}]',9,1,'2023-01-16 12:00:45.785081');
INSERT INTO django_admin_log VALUES(60,'14','酸辣湯麺',1,'[{"added": {}}]',9,1,'2023-01-16 12:01:04.134086');
INSERT INTO django_admin_log VALUES(61,'15','麻婆豆腐',1,'[{"added": {}}]',9,1,'2023-01-16 12:01:13.601510');
INSERT INTO django_admin_log VALUES(62,'16','チャーハン',1,'[{"added": {}}]',9,1,'2023-01-16 12:01:26.216360');
INSERT INTO django_admin_log VALUES(63,'17','小籠包',1,'[{"added": {}}]',9,1,'2023-01-16 12:01:35.960187');
INSERT INTO django_admin_log VALUES(64,'4','くろがね小倉 アミュプラザ店',2,'[{"changed": {"fields": ["\u753b\u50cf"]}}]',8,1,'2023-01-17 03:01:45.401363');
INSERT INTO django_admin_log VALUES(65,'1','中国料理　望海楼',1,'[{"added": {}}]',8,1,'2023-01-17 13:05:36.573532');
INSERT INTO django_admin_log VALUES(66,'1','酸辣湯麺',1,'[{"added": {}}]',9,1,'2023-01-17 13:26:04.834520');
INSERT INTO django_admin_log VALUES(67,'1','中国料理　望海楼',2,'[{"changed": {"fields": ["\u5730\u56f3"]}}]',8,1,'2023-01-18 03:12:48.887030');
INSERT INTO django_admin_log VALUES(68,'2','中華麺キッチンまくり　本店',1,'[{"added": {}}]',8,1,'2023-01-18 03:58:35.315120');
INSERT INTO django_admin_log VALUES(69,'3','中華麺キッチンまくり　西長住店',1,'[{"added": {}}]',8,1,'2023-01-18 04:01:15.016777');
INSERT INTO django_admin_log VALUES(70,'1','中国料理　望海楼',2,'[{"changed": {"fields": ["\u5730\u56f3"]}}]',8,1,'2023-01-18 11:16:53.181508');
INSERT INTO django_admin_log VALUES(71,'1','中国料理　望海楼',1,'[{"added": {}}]',8,1,'2023-01-19 13:08:33.522401');
INSERT INTO django_admin_log VALUES(72,'1','酸辣湯麺',1,'[{"added": {}}]',9,1,'2023-01-19 13:08:45.020650');
INSERT INTO django_admin_log VALUES(73,'1','中国料理　望海楼',2,'[{"changed": {"fields": ["\u30e9\u30f3\u30c1\u6599\u91d1", "\u30c7\u30a3\u30ca\u30fc\u6599\u91d1"]}}]',8,1,'2023-01-22 04:25:43.648828');
INSERT INTO django_admin_log VALUES(74,'1','中国料理　望海楼',2,'[{"changed": {"fields": ["\u5730\u56f3"]}}]',8,1,'2023-01-22 04:27:38.673008');
INSERT INTO django_admin_log VALUES(75,'1','中国料理　望海楼',2,'[{"changed": {"fields": ["\u753b\u50cf"]}}]',8,1,'2023-01-22 05:14:56.452365');
INSERT INTO django_admin_log VALUES(76,'1','酸辣湯麺',2,'[{"changed": {"fields": ["\u753b\u50cf"]}}]',9,1,'2023-01-22 05:20:05.761733');
INSERT INTO django_admin_log VALUES(77,'1','酸辣湯麺',2,'[]',9,1,'2023-01-22 05:26:00.804145');
INSERT INTO django_admin_log VALUES(78,'1','中国料理　望海楼',2,'[]',8,1,'2023-01-23 01:52:38.558142');
INSERT INTO django_admin_log VALUES(79,'1','中国料理　望海楼',2,'[{"changed": {"fields": ["\u30e9\u30f3\u30c1\u6599\u91d1", "\u30c7\u30a3\u30ca\u30fc\u6599\u91d1"]}}]',8,1,'2023-01-23 01:57:24.896482');
INSERT INTO django_admin_log VALUES(80,'2','中華麺キッチンまくり　本店',1,'[{"added": {}}]',8,1,'2023-01-23 02:01:08.906368');
INSERT INTO django_admin_log VALUES(81,'3','中華麺キッチンまくり　西長住店',1,'[{"added": {}}]',8,1,'2023-01-23 02:04:30.905401');
INSERT INTO django_admin_log VALUES(82,'4','田中華麺飯店',1,'[{"added": {}}]',8,1,'2023-01-23 02:07:19.833857');
INSERT INTO django_admin_log VALUES(83,'5','酒肴麺飯　アテニヨル　天神　Little China',1,'[{"added": {}}]',8,1,'2023-01-23 02:15:29.503416');
INSERT INTO django_admin_log VALUES(84,'6','餃子中華酒場　シビカラ　天神店',1,'[{"added": {}}]',8,1,'2023-01-23 02:17:42.509420');
INSERT INTO django_admin_log VALUES(85,'7','中華料理　旭　門司店',1,'[{"added": {}}]',8,1,'2023-01-23 02:24:19.188988');
INSERT INTO django_admin_log VALUES(86,'8','京鼎樓（ジンディンロウ）　KITTE博多店',1,'[{"added": {}}]',8,1,'2023-01-23 02:26:54.948108');
INSERT INTO django_admin_log VALUES(87,'9','中華料理　佳仙',1,'[{"added": {}}]',8,1,'2023-01-23 02:28:50.665558');
INSERT INTO django_admin_log VALUES(88,'10','中華菜館　五福',1,'[{"added": {}}]',8,1,'2023-01-23 02:31:17.207179');
INSERT INTO django_admin_log VALUES(89,'11','中華料理 頤和園（いわえん） 天神店',1,'[{"added": {}}]',8,1,'2023-01-23 02:34:51.753545');
INSERT INTO django_admin_log VALUES(90,'2','酸辣湯麺',1,'[{"added": {}}]',9,1,'2023-01-23 02:42:07.272242');
INSERT INTO django_admin_log VALUES(91,'12','本格中華・しゃぶしゃぶ食べ放題　栄昇閣 黄金町店',1,'[{"added": {}}]',8,1,'2023-01-23 02:51:21.073395');
INSERT INTO django_admin_log VALUES(92,'13','水餃子と胡椒シュウマイの二兎　東比恵',1,'[{"added": {}}]',8,1,'2023-01-23 02:56:05.690162');
INSERT INTO django_admin_log VALUES(93,'14','中華料理　泰洲園',1,'[{"added": {}}]',8,1,'2023-01-23 03:07:13.018184');
INSERT INTO django_admin_log VALUES(94,'15','梅翠',1,'[{"added": {}}]',8,1,'2023-01-23 03:09:55.853204');
INSERT INTO django_admin_log VALUES(95,'16','直家',1,'[{"added": {}}]',8,1,'2023-01-23 03:12:29.024427');
INSERT INTO django_admin_log VALUES(96,'17','中華料理　陽山',1,'[{"added": {}}]',8,1,'2023-01-23 03:14:46.759790');
INSERT INTO django_admin_log VALUES(97,'18','一品香　甘木店',1,'[{"added": {}}]',8,1,'2023-01-23 03:17:49.505744');
INSERT INTO django_admin_log VALUES(98,'19','台湾料理　興福順',1,'[{"added": {}}]',8,1,'2023-01-23 03:20:17.507442');
INSERT INTO django_admin_log VALUES(99,'20','四川料理　三鼎',1,'[{"added": {}}]',8,1,'2023-01-23 03:23:28.629959');
INSERT INTO django_admin_log VALUES(100,'1','中国料理　望海楼',2,'[{"changed": {"fields": ["\u5730\u56f3"]}}]',8,1,'2023-01-23 10:25:22.227835');
INSERT INTO django_admin_log VALUES(101,'3','酸辣湯麺',1,'[{"added": {}}]',9,1,'2023-01-23 10:26:37.073666');
CREATE TABLE IF NOT EXISTS "django_content_type" ("id" integer NOT NULL PRIMARY KEY AUTOINCREMENT, "app_label" varchar(100) NOT NULL, "model" varchar(100) NOT NULL);
INSERT INTO django_content_type VALUES(1,'admin','logentry');
INSERT INTO django_content_type VALUES(2,'auth','permission');
INSERT INTO django_content_type VALUES(3,'auth','group');
INSERT INTO django_content_type VALUES(4,'auth','user');
INSERT INTO django_content_type VALUES(5,'contenttypes','contenttype');
INSERT INTO django_content_type VALUES(6,'sessions','session');
INSERT INTO django_content_type VALUES(7,'myapp','myapp');
INSERT INTO django_content_type VALUES(8,'myapp','restaurants');
INSERT INTO django_content_type VALUES(9,'myapp','menu');
INSERT INTO django_content_type VALUES(10,'myapp','fish');
INSERT INTO django_content_type VALUES(11,'myapp','appetizers');
INSERT INTO django_content_type VALUES(12,'myapp','dessert');
INSERT INTO django_content_type VALUES(13,'myapp','meet');
INSERT INTO django_content_type VALUES(14,'myapp','review');
INSERT INTO django_content_type VALUES(15,'myapp','footprint');
INSERT INTO django_content_type VALUES(16,'myapp','consideration');
INSERT INTO django_content_type VALUES(17,'myapp','like');
CREATE TABLE IF NOT EXISTS "auth_permission" ("id" integer NOT NULL PRIMARY KEY AUTOINCREMENT, "content_type_id" integer NOT NULL REFERENCES "django_content_type" ("id") DEFERRABLE INITIALLY DEFERRED, "codename" varchar(100) NOT NULL, "name" varchar(255) NOT NULL);
INSERT INTO auth_permission VALUES(1,1,'add_logentry','Can add log entry');
INSERT INTO auth_permission VALUES(2,1,'change_logentry','Can change log entry');
INSERT INTO auth_permission VALUES(3,1,'delete_logentry','Can delete log entry');
INSERT INTO auth_permission VALUES(4,1,'view_logentry','Can view log entry');
INSERT INTO auth_permission VALUES(5,2,'add_permission','Can add permission');
INSERT INTO auth_permission VALUES(6,2,'change_permission','Can change permission');
INSERT INTO auth_permission VALUES(7,2,'delete_permission','Can delete permission');
INSERT INTO auth_permission VALUES(8,2,'view_permission','Can view permission');
INSERT INTO auth_permission VALUES(9,3,'add_group','Can add group');
INSERT INTO auth_permission VALUES(10,3,'change_group','Can change group');
INSERT INTO auth_permission VALUES(11,3,'delete_group','Can delete group');
INSERT INTO auth_permission VALUES(12,3,'view_group','Can view group');
INSERT INTO auth_permission VALUES(13,4,'add_user','Can add user');
INSERT INTO auth_permission VALUES(14,4,'change_user','Can change user');
INSERT INTO auth_permission VALUES(15,4,'delete_user','Can delete user');
INSERT INTO auth_permission VALUES(16,4,'view_user','Can view user');
INSERT INTO auth_permission VALUES(17,5,'add_contenttype','Can add content type');
INSERT INTO auth_permission VALUES(18,5,'change_contenttype','Can change content type');
INSERT INTO auth_permission VALUES(19,5,'delete_contenttype','Can delete content type');
INSERT INTO auth_permission VALUES(20,5,'view_contenttype','Can view content type');
INSERT INTO auth_permission VALUES(21,6,'add_session','Can add session');
INSERT INTO auth_permission VALUES(22,6,'change_session','Can change session');
INSERT INTO auth_permission VALUES(23,6,'delete_session','Can delete session');
INSERT INTO auth_permission VALUES(24,6,'view_session','Can view session');
INSERT INTO auth_permission VALUES(25,7,'add_myapp','Can add myapp');
INSERT INTO auth_permission VALUES(26,7,'change_myapp','Can change myapp');
INSERT INTO auth_permission VALUES(27,7,'delete_myapp','Can delete myapp');
INSERT INTO auth_permission VALUES(28,7,'view_myapp','Can view myapp');
INSERT INTO auth_permission VALUES(29,8,'add_restaurants','Can add restaurants');
INSERT INTO auth_permission VALUES(30,8,'change_restaurants','Can change restaurants');
INSERT INTO auth_permission VALUES(31,8,'delete_restaurants','Can delete restaurants');
INSERT INTO auth_permission VALUES(32,8,'view_restaurants','Can view restaurants');
INSERT INTO auth_permission VALUES(33,9,'add_menu','Can add menu');
INSERT INTO auth_permission VALUES(34,9,'change_menu','Can change menu');
INSERT INTO auth_permission VALUES(35,9,'delete_menu','Can delete menu');
INSERT INTO auth_permission VALUES(36,9,'view_menu','Can view menu');
INSERT INTO auth_permission VALUES(37,11,'add_appetizers','Can add appetizers');
INSERT INTO auth_permission VALUES(38,11,'change_appetizers','Can change appetizers');
INSERT INTO auth_permission VALUES(39,11,'delete_appetizers','Can delete appetizers');
INSERT INTO auth_permission VALUES(40,11,'view_appetizers','Can view appetizers');
INSERT INTO auth_permission VALUES(41,12,'add_dessert','Can add dessert');
INSERT INTO auth_permission VALUES(42,12,'change_dessert','Can change dessert');
INSERT INTO auth_permission VALUES(43,12,'delete_dessert','Can delete dessert');
INSERT INTO auth_permission VALUES(44,12,'view_dessert','Can view dessert');
INSERT INTO auth_permission VALUES(45,10,'add_fish','Can add fish');
INSERT INTO auth_permission VALUES(46,10,'change_fish','Can change fish');
INSERT INTO auth_permission VALUES(47,10,'delete_fish','Can delete fish');
INSERT INTO auth_permission VALUES(48,10,'view_fish','Can view fish');
INSERT INTO auth_permission VALUES(49,13,'add_meet','Can add meet');
INSERT INTO auth_permission VALUES(50,13,'change_meet','Can change meet');
INSERT INTO auth_permission VALUES(51,13,'delete_meet','Can delete meet');
INSERT INTO auth_permission VALUES(52,13,'view_meet','Can view meet');
INSERT INTO auth_permission VALUES(53,14,'add_review','Can add review');
INSERT INTO auth_permission VALUES(54,14,'change_review','Can change review');
INSERT INTO auth_permission VALUES(55,14,'delete_review','Can delete review');
INSERT INTO auth_permission VALUES(56,14,'view_review','Can view review');
INSERT INTO auth_permission VALUES(57,15,'add_footprint','Can add foot print');
INSERT INTO auth_permission VALUES(58,15,'change_footprint','Can change foot print');
INSERT INTO auth_permission VALUES(59,15,'delete_footprint','Can delete foot print');
INSERT INTO auth_permission VALUES(60,15,'view_footprint','Can view foot print');
INSERT INTO auth_permission VALUES(61,16,'add_consideration','Can add consideration');
INSERT INTO auth_permission VALUES(62,16,'change_consideration','Can change consideration');
INSERT INTO auth_permission VALUES(63,16,'delete_consideration','Can delete consideration');
INSERT INTO auth_permission VALUES(64,16,'view_consideration','Can view consideration');
INSERT INTO auth_permission VALUES(65,17,'add_like','Can add like');
INSERT INTO auth_permission VALUES(66,17,'change_like','Can change like');
INSERT INTO auth_permission VALUES(67,17,'delete_like','Can delete like');
INSERT INTO auth_permission VALUES(68,17,'view_like','Can view like');
CREATE TABLE IF NOT EXISTS "auth_group" ("id" integer NOT NULL PRIMARY KEY AUTOINCREMENT, "name" varchar(150) NOT NULL UNIQUE);
CREATE TABLE IF NOT EXISTS "auth_user" ("id" integer NOT NULL PRIMARY KEY AUTOINCREMENT, "password" varchar(128) NOT NULL, "last_login" datetime NULL, "is_superuser" bool NOT NULL, "username" varchar(150) NOT NULL UNIQUE, "last_name" varchar(150) NOT NULL, "email" varchar(254) NOT NULL, "is_staff" bool NOT NULL, "is_active" bool NOT NULL, "date_joined" datetime NOT NULL, "first_name" varchar(150) NOT NULL);
INSERT INTO auth_user VALUES(1,'pbkdf2_sha256$390000$zOaemMJHDCwnhyA5n2Ly5G$h+LQ2Z+YQ35D/XeWY6NRfLxqZKn+b4rPF0BwS59oFlI=','2023-02-06 13:35:25.235557',1,'admin','a','admin@example.com',1,1,'2022-10-26 14:11:23.705343','KOUSUKE');
INSERT INTO auth_user VALUES(2,'pbkdf2_sha256$390000$JvFgGAjqdcVX4devRHXhPe$dpT7i9dVKeNyEvsQpeK0ePaaaEZPeZWotsvgIJTkHjg=',NULL,0,'admin3','','lovephamtom@icloud.com',0,1,'2022-12-13 12:51:30.450383','');
INSERT INTO auth_user VALUES(3,'pbkdf2_sha256$390000$WkdSPzzrmbWdVX2OzWssVs$uOuT3YHjISJBCNBYs35ZnMQH/865Qb/LkFmcg+80eZM=','2022-12-13 12:55:27.678141',0,'ogawan','','lovephamtom@icloud.com',0,1,'2022-12-13 12:55:27.495887','');
INSERT INTO auth_user VALUES(4,'pbkdf2_sha256$390000$pmFPHDKIPPkhEreY24eAx5$MZeGrcU4j7AR9FB4B9JfCJq+/kX3hW1AynBCT5LZdHI=','2022-12-20 05:16:35.231197',0,'admin2','','lovephantom430@gmail.com',0,1,'2022-12-17 12:37:12.094016','');
CREATE TABLE IF NOT EXISTS "django_session" ("session_key" varchar(40) NOT NULL PRIMARY KEY, "session_data" text NOT NULL, "expire_date" datetime NOT NULL);
INSERT INTO django_session VALUES('8y3d1etdl9gt9hvcbrmb6y96b3c5h8og','e30:1p54ks:QxVgFYwoZ9xNYzb3kVFOswb9fe8PtlK9qi0lbRCNUEo','2022-12-27 12:51:30.569988');
INSERT INTO django_session VALUES('g166o24511jdru5n7itp18pejdknk0a8','eyJhYWEiOiJcdTRlMmRcdTgzZWYifQ:1pNa6X:1dAy2SDj8ncZxoLx4QirkUSgtgKzhft3Rs3hjnIJmMs','2023-02-16 13:58:21.815251');
INSERT INTO django_session VALUES('a3z8xe1q8lyz2mcng9732igfbz9ogd8y','.eJxVjDsOwjAQBe_iGlm7_mCLkp4bRIp27TUJoERK4gpxdxwpTdqZN--riEjdVFedmNzVaKWoi-qpbkNfV1n6MTeNZ8aU3jLtIr9oes46zdO2jKz3iT7sqh9zls_92J4OBlqHVsdAZEpBD1yiBeZi2YELkIK32IgHsp4lZzQkDonEtwAMIKZrser3BztrPd8:1pPxsV:tgmOPM6pydGC-hJS5k641lnVceSQIcC2tt0hJwAqu1E','2023-02-23 03:45:43.650223');
CREATE TABLE IF NOT EXISTS "myapp_review" ("id" integer NOT NULL PRIMARY KEY AUTOINCREMENT, "restaurant_id" varchar(10) NOT NULL, "restaurant_name" varchar(200) NOT NULL, "comment" text NOT NULL, "score" smallint unsigned NOT NULL CHECK ("score" >= 0), "created_at" datetime NOT NULL, "updated_at" datetime NOT NULL, "user_id" integer NOT NULL REFERENCES "auth_user" ("id") DEFERRABLE INITIALLY DEFERRED);
INSERT INTO myapp_review VALUES(1,'6','','あ',1,'2023-01-23 09:47:12.516296','2023-01-23 09:47:12.516328',1);
INSERT INTO myapp_review VALUES(2,'1','','a',5,'2023-01-26 04:44:43.917348','2023-01-26 04:44:43.917375',1);
INSERT INTO myapp_review VALUES(3,'8','','a',3,'2023-01-28 06:40:49.010682','2023-01-28 06:40:49.010713',1);
INSERT INTO myapp_review VALUES(4,'2','','z',5,'2023-01-28 08:13:59.583812','2023-01-28 08:13:59.583856',1);
CREATE TABLE IF NOT EXISTS "myapp_restaurants" ("id" integer NOT NULL PRIMARY KEY AUTOINCREMENT, "address" text NOT NULL, "description" text NOT NULL, "name" varchar(100) NOT NULL, "access" text NOT NULL, "phoneNumber" varchar(15) NOT NULL, "category" text NOT NULL, "dinnerPrice" integer NOT NULL, "lunchPrice" integer NOT NULL, "map" varchar(1000) NOT NULL, "place" text NOT NULL, "photo" varchar(200) NOT NULL);
INSERT INTO myapp_restaurants VALUES(1,'福岡県福岡市中央区地行浜２－２－３　ヒルトン福岡シーホーク5F',replace(replace('金～日、祝日、祝前日: 12:00～14:30 （料理L.O. 14:00 ドリンクL.O. 14:00）\r\n17:30～22:00 （料理L.O. 21:30 ドリンクL.O. 21:30）\r\n金・土・日・祝日のみ営業','\r',char(13)),'\n',char(10)),'中国料理　望海楼','西鉄バス　シーホーク前バス停下車　徒歩約1分/福岡都市高速　百道（ももち）ランプより約1分','050-5449-2214','中華',5000,1100,'https://www.google.com/maps/embed?pb=!1m18!1m12!1m3!1d3323.3968158661814!2d130.35734531480128!3d33.5950071491346!2m3!1f0!2f0!3f0!3m2!1i1024!2i768!4f13.1!3m3!1m2!1s0x35419361d3271c17%3A0x90eaf8c6fa2fa988!2z5Lit5Zu95paZ55CGIOacm-a1t-alvA!5e0!3m2!1sja!2sjp!4v1674469491064!5m2!1sja!2sjp','西新（福岡）','https://imgfp.hotp.jp/IMGH/09/00/P033840900/P033840900_238.jpg');
INSERT INTO myapp_restaurants VALUES(2,'福岡県福岡市城南区飯倉１－4－38　メガネビル1F',replace(replace('月～金、祝前日: 11:00～14:30 （料理L.O. 14:30 ドリンクL.O. 14:30）\r\n17:00～22:00 （料理L.O. 21:30 ドリンクL.O. 21:30）\r\n土、日、祝日: 11:00～22:00 （料理L.O. 21:30 ドリンクL.O. 21:30）','\r',char(13)),'\n',char(10)),'中華麺キッチンまくり　本店','地下鉄茶山駅より徒歩10分／バス飯倉一丁目より徒歩1分','050-5453-3794','中華',1500,1000,'https://www.google.com/maps/embed?pb=!1m18!1m12!1m3!1d831.1089386501704!2d130.35545912919576!3d33.568033616244946!2m3!1f0!2f0!3f0!3m2!1i1024!2i768!4f13.1!3m3!1m2!1s0x354193d278fb6d7f%3A0x46b8142a285fa5f5!2z5Lit6I-v6bq644Kt44OD44OB44Oz44G-44GP44KKIOacrOW6lw!5e0!3m2!1sja!2sjp!4v1674439183785!5m2!1sja!2sjp','福岡市早良区（福岡）','https://imgfp.hotp.jp/IMGH/60/99/P036906099/P036906099_368.jpg');
INSERT INTO myapp_restaurants VALUES(3,'福岡県福岡市南区西長住１-8-36 グリーンコート西長住1F',replace(replace('月～金、祝前日: 11:00～14:30 （料理L.O. 14:30 ドリンクL.O. 14:30）\r\n17:00～21:30 （料理L.O. 21:00 ドリンクL.O. 21:00）\r\n土、日、祝日: 11:00～21:30 （料理L.O. 21:00 ドリンクL.O. 21:00）','\r',char(13)),'\n',char(10)),'中華麺キッチンまくり　西長住店','駐車場17台完備しています。','050-5834-2032','ラーメン',1500,1000,'https://www.google.com/maps/embed?pb=!1m18!1m12!1m3!1d26595.47300392772!2d130.33849667027894!3d33.568075927118784!2m3!1f0!2f0!3f0!3m2!1i1024!2i768!4f13.1!3m3!1m2!1s0x354193aa7d33266b%3A0xbc4f80db4c0d70c3!2z5Lit6I-v6bq644Kt44OD44OB44Oz44G-44GP44KKIOilv-mVt-S9j-W6lw!5e0!3m2!1sja!2sjp!4v1674439424661!5m2!1sja!2sjp','福岡市南区（福岡）','https://imgfp.hotp.jp/IMGH/18/10/P036971810/P036971810_480.jpg');
INSERT INTO myapp_restaurants VALUES(4,'福岡県北九州市八幡西区藤田１－６－３１',replace(replace('月、水～日、祝日、祝前日: 11:30～14:00 （料理L.O. 13:30）\r\n17:30～22:00 （料理L.O. 21:30 ドリンクL.O. 21:30）','\r',char(13)),'\n',char(10)),'田中華麺飯店','黒崎駅から徒歩10分','093-632-6014','中華',7000,1000,'https://www.google.com/maps/embed?pb=!1m18!1m12!1m3!1d828.2202243902127!2d130.77346692919622!3d33.866960212355735!2m3!1f0!2f0!3f0!3m2!1i1024!2i768!4f13.1!3m3!1m2!1s0x3543c9a835daf475%3A0x37be280228da1701!2z55Sw5Lit6I-v6bq66aOv5bqX77yI44Gf44Gq44GL44KB44KT44Gv44KT44Gm44KT77yJ!5e0!3m2!1sja!2sjp!4v1674439610559!5m2!1sja!2sjp','黒崎（福岡）','https://imgfp.hotp.jp/IMGH/29/15/P038472915/P038472915_480.jpg');
INSERT INTO myapp_restaurants VALUES(5,'福岡県福岡市中央区天神２－１１－３ ソラリアステージビルＭ３',replace(replace('月～日、祝日、祝前日: 11:00～23:30 （料理L.O. 23:00 ドリンクL.O. 23:00）\r\n天神駅徒歩1分','\r',char(13)),'\n',char(10)),'酒肴麺飯　アテニヨル　天神　Little China','西鉄天神駅改札よりすぐ。天神のおしゃれエリアに新たな中華バル♪','050-5355-1277','中華',3000,1000,'https://www.google.com/maps/embed?pb=!1m18!1m12!1m3!1d3323.5837391176183!2d130.39666271480124!3d33.59015554938739!2m3!1f0!2f0!3f0!3m2!1i1024!2i768!4f13.1!3m3!1m2!1s0x3541918b1c0959eb%3A0x49551af17700e9a2!2z6YWS6IK06bq66aOvIOOCouODhuODi-ODqOODqyDlpKnnpZ4gTGl0dGxlIENoaW5h!5e0!3m2!1sja!2sjp!4v1674440086638!5m2!1sja!2sjp','天神（福岡）','https://imgfp.hotp.jp/IMGH/90/62/P037029062/P037029062_480.jpg');
INSERT INTO myapp_restaurants VALUES(6,'福岡県福岡市中央区天神１－１３－２８',replace(replace('月～土、祝日、祝前日: 11:30～15:00 （料理L.O. 14:30 ドリンクL.O. 14:30）\r\n17:00～23:00 （料理L.O. 22:30 ドリンクL.O. 22:30）\r\n蔓延防止等重点措置の解除に伴い通常営業に戻ります。','\r',char(13)),'\n',char(10)),'餃子中華酒場　シビカラ　天神店','天神の真ん中に位置しており、アクセス抜群！地下鉄天神12番出口より徒歩2分。2名～30名まで個室、テーブル席も70名','050-5453-8021','中華',1500,1000,'https://www.google.com/maps/embed?pb=!1m18!1m12!1m3!1d3323.4983906271914!2d130.39836581480125!3d33.592370849271845!2m3!1f0!2f0!3f0!3m2!1i1024!2i768!4f13.1!3m3!1m2!1s0x354191685ad976dd%3A0xf56cc46a77d4ca11!2z6aSD5a2Q5Lit6I-v6YWS5aC0IOOCt-ODk-OCq-ODqSDlpKnnpZ7lupc!5e0!3m2!1sja!2sjp!4v1674440226064!5m2!1sja!2sjp','天神（福岡）','https://imgfp.hotp.jp/IMGH/20/46/P038622046/P038622046_480.jpg');
INSERT INTO myapp_restaurants VALUES(7,'福岡県北九州市門司区柳町２-10-5',replace(replace('月、水～日、祝日、祝前日: 11:00～15:00 （料理L.O. 14:30 ドリンクL.O. 14:30）\r\n17:00～22:00 （料理L.O. 21:30 ドリンクL.O. 21:00）\r\n通常営業は夜２４時までです。','\r',char(13)),'\n',char(10)),'中華料理　旭　門司店','門司駅より徒歩約5分。駐車場完備。','050-5452-4060','中華',3000,1000,'https://www.google.com/maps/embed?pb=!1m18!1m12!1m3!1d1655.769058019368!2d130.93567455803122!3d33.90154752138933!2m3!1f0!2f0!3f0!3m2!1i1024!2i768!4f13.1!3m3!1m2!1s0x3543be473a60f705%3A0x1a7f279d3a690ed9!2z5Lit6I-v5paZ55CGIOaXrSDploDlj7jlupc!5e0!3m2!1sja!2sjp!4v1674440626610!5m2!1sja!2sjp','門司（福岡）','https://imgfp.hotp.jp/IMGH/04/11/P036280411/P036280411_480.jpg');
INSERT INTO myapp_restaurants VALUES(8,'福岡県福岡市博多区博多駅中央街9-1 KITTE博多10F','月～日、祝日、祝前日: 11:00～23:00 （料理L.O. 21:00 ドリンクL.O. 21:00）','京鼎樓（ジンディンロウ）　KITTE博多店','博多駅2分','050-5827-0319','中華',4000,1500,'https://www.google.com/maps/embed?pb=!1m18!1m12!1m3!1d3323.641457200658!2d130.41765471480096!3d33.588657349465386!2m3!1f0!2f0!3f0!3m2!1i1024!2i768!4f13.1!3m3!1m2!1s0x354191c886f3e149%3A0x8699a964c83abcbe!2z5Lqs6byO5qiTKOOCuOODs-ODh-OCo-ODs-ODreOCpilLSVRUReWNmuWkmuW6lw!5e0!3m2!1sja!2sjp!4v1674440777228!5m2!1sja!2sjp','博多駅（筑紫口・中央街）（福岡）','https://imgfp.hotp.jp/IMGH/96/74/P022949674/P022949674_480.jpg');
INSERT INTO myapp_restaurants VALUES(9,'福岡県北九州市小倉南区沼本町１－３－３１',replace(replace('火～金、祝前日: 11:00～15:00 （料理L.O. 14:30 ドリンクL.O. 14:30）\r\n17:30～21:30 （料理L.O. 20:30 ドリンクL.O. 21:00）\r\n土、日、祝日: 11:00～15:00 （料理L.O. 14:00 ドリンクL.O. 14:00）\r\n17:30～21:30 （料理L.O. 20:30 ドリンクL.O. 21:00）\r\n◆緊急事態宣言に伴い営業時間変更のお知らせ◆\r\n　夜営業17：00～20：00（LO.19：00）\r\n\r\n※土日祝はコースのみのご予約受付となります。','\r',char(13)),'\n',char(10)),'中華料理　佳仙','JR下曽根駅徒歩26分。駅前交差点直進、交差点を左折川を渡り県道25号左折、ドラッグストアコスモス沼南店前にあります。','050-5877-5496','中華',2000,1000,'https://www.google.com/maps/embed?pb=!1m18!1m12!1m3!1d3313.7502474256617!2d130.93804061480796!3d33.84455093609463!2m3!1f0!2f0!3f0!3m2!1i1024!2i768!4f13.1!3m3!1m2!1s0x3543c00c9a501f55%3A0x457d11f97291b527!2z5Lit6I-v5paZ55CG5L2z5LuZ!5e0!3m2!1sja!2sjp!4v1674440900812!5m2!1sja!2sjp','小倉南区（福岡）','https://imgfp.hotp.jp/IMGH/47/61/P018074761/P018074761_480.jpg');
INSERT INTO myapp_restaurants VALUES(10,'福岡県福岡市西区福重３－３７－５',replace(replace('月、火、木、金、祝前日: 11:30～15:00 （料理L.O. 14:00 ドリンクL.O. 14:00）\r\n17:30～22:00 （料理L.O. 21:00 ドリンクL.O. 21:30）\r\n土、日、祝日: 11:00～15:30 （料理L.O. 14:30 ドリンクL.O. 14:30）\r\n17:30～22:00 （料理L.O. 21:00 ドリンクL.O. 21:30）\r\n1月の店休日 1日(日)、2日(月)、11日(水)、18日(水)、25日(水)\r\n2月の店休日　1日(水)、8日(水)、15日(水)、22日(水)、28日(火)','\r',char(13)),'\n',char(10)),'中華菜館　五福','地下鉄姪浜駅から福岡都市高速福重ランプ方面へ車で約5分です。','050-5841-5398','中華',3000,1500,'https://www.google.com/maps/embed?pb=!1m18!1m12!1m3!1d3324.366992453026!2d130.3153906148007!3d33.569819450446154!2m3!1f0!2f0!3f0!3m2!1i1024!2i768!4f13.1!3m3!1m2!1s0x354194a896c23da3%3A0xd6a1d50cf7bc3cb7!2z5Lit6I-v6I-c6aSoIOS6lOemjw!5e0!3m2!1sja!2sjp!4v1674441050140!5m2!1sja!2sjp','福岡市西区（福岡）','https://imgfp.hotp.jp/IMGH/34/46/P039123446/P039123446_480.jpg');
INSERT INTO myapp_restaurants VALUES(11,'福岡県福岡市中央区今泉１-17-22　i.CUBE 2F',replace(replace('月～土: 11:30～15:00 （料理L.O. 14:30 ドリンクL.O. 14:30）\r\n17:00～22:00 （料理L.O. 21:00 ドリンクL.O. 21:30）\r\n日、祝日: 11:30～15:00 （料理L.O. 14:30 ドリンクL.O. 14:30）\r\n17:00～21:30 （料理L.O. 21:00 ドリンクL.O. 21:00）','\r',char(13)),'\n',char(10)),'中華料理 頤和園（いわえん） 天神店','西鉄天神駅から徒歩5分西鉄薬院駅から徒歩5分','050-5280-9374','中華',7000,1500,'https://www.google.com/maps/embed?pb=!1m18!1m12!1m3!1d3323.738804605159!2d130.3968497148012!3d33.58613034959694!2m3!1f0!2f0!3f0!3m2!1i1024!2i768!4f13.1!3m3!1m2!1s0x354191851c162f99%3A0xceb87bb12e2bf2a1!2z5Lit6I-v5paZ55CGIOmgpOWSjOWcku-8iOOBhOOCj-OBiOOCk--8ieWkqeelnuW6lw!5e0!3m2!1sja!2sjp!4v1674441257619!5m2!1sja!2sjp','今泉（福岡）','https://imgfp.hotp.jp/IMGH/03/62/P040450362/P040450362_480.jpg');
INSERT INTO myapp_restaurants VALUES(12,'福岡県北九州市小倉北区黄金１-3-15',replace(replace('火～日、祝日、祝前日: 11:00～15:00 （料理L.O. 15:00 ドリンクL.O. 15:00）\r\n17:00～23:00 （料理L.O. 22:30 ドリンクL.O. 22:30）\r\n通常営業は2階営業時間は11:00～15:00、17:00~23:00です。','\r',char(13)),'\n',char(10)),'本格中華・しゃぶしゃぶ食べ放題　栄昇閣 黄金町店','香春口三萩野駅より徒歩3分/東洋軒の前/黄金公園傍','050-5841-6693','中華',3000,1000,'https://www.google.com/maps/embed?pb=!1m18!1m12!1m3!1d3312.706770117104!2d130.87643051480862!3d33.87144713468425!2m3!1f0!2f0!3f0!3m2!1i1024!2i768!4f13.1!3m3!1m2!1s0x3543c1abd7dd6d39%3A0xbd7152828d51f8a4!2z5qCE5piH6ZajIOm7hOmHkeeUuuW6lw!5e0!3m2!1sja!2sjp!4v1674442252499!5m2!1sja!2sjp','小倉北区その他（福岡）','https://imgfp.hotp.jp/IMGH/27/43/P038832743/P038832743_480.jpg');
INSERT INTO myapp_restaurants VALUES(13,'福岡県福岡市博多区東比恵１-5-5 THE RISE八重洲1F','月～日、祝日、祝前日: 18:00～翌2:00 （料理L.O. 翌1:00 ドリンクL.O. 翌1:00）','水餃子と胡椒シュウマイの二兎　東比恵','東比恵駅　1番出口を出てすぐ（徒歩１分）降りた瞬間から…クンクン…クンクン…シュウマイのいい匂いが…？！','050-5356-4757','中華',3000,1000,'https://www.google.com/maps/embed?pb=!1m18!1m12!1m3!1d3323.617290774847!2d130.42780251480121!3d33.58928464943259!2m3!1f0!2f0!3f0!3m2!1i1024!2i768!4f13.1!3m3!1m2!1s0x3541916b1130e667%3A0xd935b5b03e3b61c9!2z5rC06aSD5a2Q44Go6IOh5qSS44K344Ol44Km44Oe44Kk44Gu5LqM5YWO!5e0!3m2!1sja!2sjp!4v1674442532865!5m2!1sja!2sjp','博多駅（筑紫口・中央街）（福岡）','https://imgfp.hotp.jp/IMGH/52/25/P040395225/P040395225_480.jpg');
INSERT INTO myapp_restaurants VALUES(14,'福岡県福岡市早良区干隈６－８－１',replace(replace('月～水、金～日、祝日、祝前日: 11:00～15:00 （料理L.O. 14:45 ドリンクL.O. 14:45）\r\n17:00～21:00 （料理L.O. 20:30 ドリンクL.O. 20:30）\r\n緊急事態宣言の要請に伴い、2021年8月1日から8月29日の間、21時迄の営業とさせて頂きます。アルコールの提供は20時半迄になります。ご了承下さい。また、状況に応じて早めに閉めさせて頂く事がございます。恐れ入りますが、ご理解の程お願い申し上げます。','\r',char(13)),'\n',char(10)),'中華料理　泰洲園','野芥駅徒歩5分。263号線を西新方面へ直進、城南郵便局前です。','050-5280-3475','中華',2000,1000,'https://www.google.com/maps/embed?pb=!1m18!1m12!1m3!1d3325.1214328389133!2d130.3460438148002!3d33.55022115146604!2m3!1f0!2f0!3f0!3m2!1i1024!2i768!4f13.1!3m3!1m2!1s0x354194884656a74b%3A0xd34fe08900e5aaf3!2z5Lit6I-v5paZ55CGIOazsOa0suWckg!5e0!3m2!1sja!2sjp!4v1674443180985!5m2!1sja!2sjp','福岡市早良区（福岡）','https://imgfp.hotp.jp/IMGH/30/58/P037553058/P037553058_480.jpg');
INSERT INTO myapp_restaurants VALUES(15,'福岡県福岡市西区今宿東１丁目２－１',replace(replace('火～金: 11:00～14:00 （料理L.O. 14:00 ドリンクL.O. 14:00）\r\n土、日、祝日: 11:00～14:00 （料理L.O. 14:00 ドリンクL.O. 14:00）\r\n18:00～20:30 （料理L.O. 20:30 ドリンクL.O. 20:30）','\r',char(13)),'\n',char(10)),'梅翠','ＪＲ筑肥線今宿駅から徒歩10分','050-5453-9391','中華',2000,3000,'https://www.google.com/maps/embed?pb=!1m18!1m12!1m3!1d3324.1617919960686!2d130.27441061480073!3d33.57514825016867!2m3!1f0!2f0!3f0!3m2!1i1024!2i768!4f13.1!3m3!1m2!1s0x3541ebf9a4f526d5%3A0x9398f2ee47a9b83e!2z5qKF57-gIO-8iOODoeOCpOOCueOCpO-8iQ!5e0!3m2!1sja!2sjp!4v1674443358583!5m2!1sja!2sjp','福岡市西区（福岡）','https://imgfp.hotp.jp/IMGH/84/53/P037508453/P037508453_480.jpg');
INSERT INTO myapp_restaurants VALUES(16,'福岡県福岡市東区名島２－３１－８',replace(replace('月、水～土、祝日、祝前日: 11:30～14:30 （料理L.O. 14:00）\r\n17:30～23:30 （料理L.O. 23:00）\r\n日: 11:30～14:30 （料理L.O. 14:00）\r\n17:30～22:30 （料理L.O. 22:00）','\r',char(13)),'\n',char(10)),'直家','名島駅より徒歩5分です。','050-5877-6310','中華',4000,1000,'https://www.google.com/maps/embed?pb=!1m18!1m12!1m3!1d3321.5805459296334!2d130.42647261480258!3d33.64211634667928!2m3!1f0!2f0!3f0!3m2!1i1024!2i768!4f13.1!3m3!1m2!1s0x35418e55803db773%3A0xb2caaa5cc1ceb5fe!2z44CSODEzLTAwNDMg56aP5bKh55yM56aP5bKh5biC5p2x5Yy65ZCN5bO277yS5LiB55uu77yT77yR4oiS77yYIOebtOWutg!5e0!3m2!1sja!2sjp!4v1674443516766!5m2!1sja!2sjp','福岡市東区（福岡）','https://imgfp.hotp.jp/IMGH/64/06/P032936406/P032936406_480.jpg');
INSERT INTO myapp_restaurants VALUES(17,'福岡県飯塚市徳前６２－１',replace(replace('月～水、金～日、祝日、祝前日: 11:00～15:00 （料理L.O. 14:00 ドリンクL.O. 14:00）\r\n17:00～21:00 （料理L.O. 20:00 ドリンクL.O. 20:00）\r\nテイクアウト、店内の混み具合等により開店閉店時刻に変更がある場合がございます。ご了承ください。','\r',char(13)),'\n',char(10)),'中華料理　陽山','JR飯塚駅より車で約5分。徳前大橋の手前左側にあります。','050-5877-2305','中華',3000,1000,'https://www.google.com/maps/embed?pb=!1m18!1m12!1m3!1d3321.9487181464415!2d130.6798273148023!3d33.632571647177166!2m3!1f0!2f0!3f0!3m2!1i1024!2i768!4f13.1!3m3!1m2!1s0x35417e49114c687d%3A0x6ab58a1e99033361!2z5Lit6I-v5paZ55CGIOmZveWxsSAo44KI44GG44Gb44KTKQ!5e0!3m2!1sja!2sjp!4v1674443650287!5m2!1sja!2sjp','飯塚市（福岡）','https://imgfp.hotp.jp/IMGH/16/61/P018261661/P018261661_480.jpg');
INSERT INTO myapp_restaurants VALUES(18,'福岡県朝倉市一木18-22','月～日、祝日、祝前日: 11:00～22:00 （料理L.O. 21:30 ドリンクL.O. 21:30）','一品香　甘木店','西鉄甘木線甘木(西鉄)駅出口より車で約6分','050-5828-9868','中華',4000,1500,'https://www.google.com/maps/embed?pb=!1m18!1m12!1m3!1d3330.609863688684!2d130.66231481479653!3d33.40734115888627!2m3!1f0!2f0!3f0!3m2!1i1024!2i768!4f13.1!3m3!1m2!1s0x354175a568af1457%3A0x9c47acb070f5fa67!2z5Lit5Zu95paZ55CGIOS4gOWTgemmmSDnlJjmnKjlupfvvIjjgqTjg7zjg5Tjg7Pjgrfjg6Pjg7PvvIk!5e0!3m2!1sja!2sjp!4v1674443841231!5m2!1sja!2sjp','朝倉市（福岡）','https://imgfp.hotp.jp/IMGH/26/82/P038642682/P038642682_480.jpg');
INSERT INTO myapp_restaurants VALUES(19,'福岡県大牟田市大字唐船69-3',replace(replace('月～金、祝前日: 11:00～14:30 （料理L.O. 14:30 ドリンクL.O. 14:30）\r\n17:00～23:00 （料理L.O. 23:00 ドリンクL.O. 23:00）\r\n土、日、祝日: 11:00～15:00 （料理L.O. 15:00 ドリンクL.O. 15:00）\r\n17:00～23:00 （料理L.O. 23:00 ドリンクL.O. 23:00）','\r',char(13)),'\n',char(10)),'台湾料理　興福順','西鉄天神大牟田線西鉄銀水駅より車で約10分/西鉄天神大牟田線新栄町(福岡)駅より車で約12分中華','050-5499-8409','中華',1500,1000,'https://www.google.com/maps/embed?pb=!1m18!1m12!1m3!1d3344.035341791361!2d130.44166631478708!3d33.05553637703973!2m3!1f0!2f0!3f0!3m2!1i1024!2i768!4f13.1!3m3!1m2!1s0x35404f6694cecabf%3A0xc917f6167b1109fa!2z5Y-w5rm-5paZ55CG6IiI56aP6aCG!5e0!3m2!1sja!2sjp!4v1674443993219!5m2!1sja!2sjp','大牟田（福岡）','https://imgfp.hotp.jp/IMGH/33/89/P040933389/P040933389_480.jpg');
INSERT INTO myapp_restaurants VALUES(20,'福岡県福岡市中央区天神４-5-13',replace(replace('月～土: 11:30～14:30 （料理L.O. 14:30 ドリンクL.O. 14:30）\r\n17:30～22:00 （料理L.O. 22:00 ドリンクL.O. 22:00）\r\n11:30～14:30\r\n17:30～22:00(L.O)','\r',char(13)),'\n',char(10)),'四川料理　三鼎','西鉄天神駅から徒歩8分。ショッパーズ裏。','050-5499-6835','中華',5000,1000,'https://www.google.com/maps/embed?pb=!1m18!1m12!1m3!1d3323.405053690053!2d130.39643071480137!3d33.59479334914564!2m3!1f0!2f0!3f0!3m2!1i1024!2i768!4f13.1!3m3!1m2!1s0x3541918db03ee357%3A0x807a87eb77d9afee!2z5Zub5bed5paZ55CGIOS4iem8jg!5e0!3m2!1sja!2sjp!4v1674444160528!5m2!1sja!2sjp','天神（福岡）','https://imgfp.hotp.jp/IMGH/96/08/P040729608/P040729608_480.jpg');
CREATE TABLE IF NOT EXISTS "myapp_menu" ("id" integer NOT NULL PRIMARY KEY AUTOINCREMENT, "restaurant_id_id" bigint NOT NULL REFERENCES "myapp_restaurants" ("id") DEFERRABLE INITIALLY DEFERRED, "name" varchar(100) NOT NULL, "price" integer NOT NULL, "photo" varchar(200) NOT NULL);
INSERT INTO myapp_menu VALUES(1,1,'酸辣湯麺',500,'https://imgfp.hotp.jp/IMGH/22/28/P033932228/P033932228_238.jpg');
INSERT INTO myapp_menu VALUES(2,2,'酸辣湯麺',500,'https://imgfp.hotp.jp/IMGH/18/10/P036971810/P036971810_480.jpg');
INSERT INTO myapp_menu VALUES(3,3,'酸辣湯麺',500,'https://imgfp.hotp.jp/IMGH/81/62/P038268162/P038268162_58_s.jpg');
CREATE TABLE IF NOT EXISTS "myapp_like" ("id" integer NOT NULL PRIMARY KEY AUTOINCREMENT, "user_id" integer NOT NULL REFERENCES "auth_user" ("id") DEFERRABLE INITIALLY DEFERRED, "restaurant_id" bigint NOT NULL REFERENCES "myapp_restaurants" ("id") DEFERRABLE INITIALLY DEFERRED);
INSERT INTO myapp_like VALUES(22,1,3);
INSERT INTO myapp_like VALUES(30,1,1);
INSERT INTO myapp_like VALUES(31,1,4);
CREATE TABLE IF NOT EXISTS "myapp_consideration" ("id" integer NOT NULL PRIMARY KEY AUTOINCREMENT, "user_id" integer NOT NULL REFERENCES "auth_user" ("id") DEFERRABLE INITIALLY DEFERRED, "restaurant_id" bigint NOT NULL REFERENCES "myapp_restaurants" ("id") DEFERRABLE INITIALLY DEFERRED);
INSERT INTO myapp_consideration VALUES(66,1,4);
INSERT INTO myapp_consideration VALUES(69,1,5);
INSERT INTO myapp_consideration VALUES(71,1,6);
INSERT INTO myapp_consideration VALUES(105,1,3);
INSERT INTO myapp_consideration VALUES(124,1,11);
INSERT INTO myapp_consideration VALUES(125,1,18);
INSERT INTO myapp_consideration VALUES(132,1,1);
DELETE FROM sqlite_sequence;
INSERT INTO sqlite_sequence VALUES('django_migrations',88);
INSERT INTO sqlite_sequence VALUES('django_admin_log',101);
INSERT INTO sqlite_sequence VALUES('django_content_type',17);
INSERT INTO sqlite_sequence VALUES('auth_permission',68);
INSERT INTO sqlite_sequence VALUES('auth_group',0);
INSERT INTO sqlite_sequence VALUES('auth_user',4);
INSERT INTO sqlite_sequence VALUES('myapp_restaurants',20);
INSERT INTO sqlite_sequence VALUES('myapp_menu',3);
INSERT INTO sqlite_sequence VALUES('myapp_review',4);
INSERT INTO sqlite_sequence VALUES('myapp_like',31);
INSERT INTO sqlite_sequence VALUES('myapp_consideration',132);
CREATE UNIQUE INDEX "auth_group_permissions_group_id_permission_id_0cd325b0_uniq" ON "auth_group_permissions" ("group_id", "permission_id");
CREATE INDEX "auth_group_permissions_group_id_b120cbf9" ON "auth_group_permissions" ("group_id");
CREATE INDEX "auth_group_permissions_permission_id_84c5c92e" ON "auth_group_permissions" ("permission_id");
CREATE UNIQUE INDEX "auth_user_groups_user_id_group_id_94350c0c_uniq" ON "auth_user_groups" ("user_id", "group_id");
CREATE INDEX "auth_user_groups_user_id_6a12ed8b" ON "auth_user_groups" ("user_id");
CREATE INDEX "auth_user_groups_group_id_97559544" ON "auth_user_groups" ("group_id");
CREATE UNIQUE INDEX "auth_user_user_permissions_user_id_permission_id_14a6b632_uniq" ON "auth_user_user_permissions" ("user_id", "permission_id");
CREATE INDEX "auth_user_user_permissions_user_id_a95ead1b" ON "auth_user_user_permissions" ("user_id");
CREATE INDEX "auth_user_user_permissions_permission_id_1fbb5f2c" ON "auth_user_user_permissions" ("permission_id");
CREATE INDEX "django_admin_log_content_type_id_c4bce8eb" ON "django_admin_log" ("content_type_id");
CREATE INDEX "django_admin_log_user_id_c564eba6" ON "django_admin_log" ("user_id");
CREATE UNIQUE INDEX "django_content_type_app_label_model_76bd3d3b_uniq" ON "django_content_type" ("app_label", "model");
CREATE UNIQUE INDEX "auth_permission_content_type_id_codename_01ab375a_uniq" ON "auth_permission" ("content_type_id", "codename");
CREATE INDEX "auth_permission_content_type_id_2f476e4b" ON "auth_permission" ("content_type_id");
CREATE INDEX "django_session_expire_date_a5c62663" ON "django_session" ("expire_date");
CREATE INDEX "myapp_review_user_id_9454541e" ON "myapp_review" ("user_id");
CREATE UNIQUE INDEX "myapp_review_restaurant_id_user_id_restaurant_name_5cd5ecbd_uniq" ON "myapp_review" ("restaurant_id", "user_id", "restaurant_name");
CREATE INDEX "myapp_menu_restaurant_id_id_6d008279" ON "myapp_menu" ("restaurant_id_id");
CREATE INDEX "myapp_like_user_id_5977bb8f" ON "myapp_like" ("user_id");
CREATE INDEX "myapp_like_restaurant_id_ceb20896" ON "myapp_like" ("restaurant_id");
CREATE INDEX "myapp_consideration_user_id_05b59bc5" ON "myapp_consideration" ("user_id");
CREATE INDEX "myapp_consideration_restaurant_id_897a102f" ON "myapp_consideration" ("restaurant_id");
COMMIT;
